"Station","Date","Maximum Temperature (°C)","Minimum Temperature (°C)","Grass Temperature (°C)","Hail","Frost","Snow","Fog","Thunder","Lightening","Sand storm","Gale","Accumulated 6 hr evaporation (mm)","Accumulated 12 hr evaporation (mm)","Daily evaporation type A (mm)","Daily evaporation type A code (code)","Sunshine duration (minutes)"
"Bet Dagan Man 01/1964-04/2024","01/01/2020","","","","0","","0","0","0","0","0","","","","0.8","0",""
"Bet Dagan Man 01/1964-04/2024","02/01/2020","","","","0","","0","0","1","0","0","","","","","",""
"Bet Dagan Man 01/1964-04/2024","03/01/2020","","","","0","","0","0","0","0","0","","","","","",""
"Bet Dagan Man 01/1964-04/2024","04/01/2020","","","","0","","0","0","1","0","0","","","","","",""
"Bet Dagan Man 01/1964-04/2024","05/01/2020","","","","0","","0","0","1","0","0","","","","2.4","0",""
"Bet Dagan Man 01/1964-04/2024","06/01/2020","","","","0","","0","0","0","0","0","","","","3.9","0",""
"Bet Dagan Man 01/1964-04/2024","07/01/2020","","","","0","","0","0","0","0","0","","","","3.7","0",""
"Bet Dagan Man 01/1964-04/2024","08/01/2020","","","","0","","0","0","1","1","0","","","","","",""
"Bet Dagan Man 01/1964-04/2024","09/01/2020","","","","0","","0","0","1","0","0","","","","","",""
"Bet Dagan Man 01/1964-04/2024","10/01/2020","","","","0","","0","0","0","0","0","","","","1.0","0",""
"Bet Dagan Man 01/1964-04/2024","11/01/2020","","","","0","","0","0","0","0","0","","","","1.5","0",""
"Bet Dagan Man 01/1964-04/2024","12/01/2020","","","","0","","0","0","0","0","0","","","","2.2","0",""
"Bet Dagan Man 01/1964-04/2024","13/01/2020","","","","0","","0","0","0","0","0","","","","0.6","0",""
"Bet Dagan Man 01/1964-04/2024","14/01/2020","","","","0","","0","0","0","0","0","","","","1.8","0",""
"Bet Dagan Man 01/1964-04/2024","15/01/2020","","","","0","","0","0","0","0","0","","","","3.0","0",""
"Bet Dagan Man 01/1964-04/2024","16/01/2020","","","","0","","0","0","0","0","0","","","","3.5","0",""
"Bet Dagan Man 01/1964-04/2024","17/01/2020","","","","0","","0","0","0","0","0","","","","2.1","0",""
"Bet Dagan Man 01/1964-04/2024","18/01/2020","","","","0","","0","0","0","0","0","","","","","",""
"Bet Dagan Man 01/1964-04/2024","19/01/2020","","","","0","","0","0","1","0","0","","","","","",""
"Bet Dagan Man 01/1964-04/2024","20/01/2020","","","","0","","0","0","0","0","0","","","","","",""
"Bet Dagan Man 01/1964-04/2024","21/01/2020","","","","1","","0","0","1","0","0","","","","","",""
"Bet Dagan Man 01/1964-04/2024","22/01/2020","","","","0","","0","0","1","0","0","","","","0.8","0",""
"Bet Dagan Man 01/1964-04/2024","23/01/2020","","","","0","","0","0","0","0","0","","","","","",""
"Bet Dagan Man 01/1964-04/2024","24/01/2020","","","","0","","0","0","1","0","0","","","","2.3","0",""
"Bet Dagan Man 01/1964-04/2024","25/01/2020","","","","0","","0","0","0","0","0","","","","1.6","0",""
"Bet Dagan Man 01/1964-04/2024","26/01/2020","","","","0","","0","0","0","0","0","","","","1.6","0",""
"Bet Dagan Man 01/1964-04/2024","27/01/2020","","","","0","","0","0","0","0","0","","","","3.4","0",""
"Bet Dagan Man 01/1964-04/2024","28/01/2020","","","","0","","0","0","0","0","0","","","","","",""
"Bet Dagan Man 01/1964-04/2024","29/01/2020","","","","0","","0","0","0","0","0","","","","1.8","0",""
"Bet Dagan Man 01/1964-04/2024","30/01/2020","","","","0","","0","0","0","0","0","","","","3.1","0",""
"Bet Dagan Man 01/1964-04/2024","31/01/2020","","","","0","","0","0","0","0","0","","","","3.8","0",""
"Bet Dagan Man 01/1964-04/2024","01/02/2020","","","","0","","0","0","0","0","0","","","","2.4","0",""
"Bet Dagan Man 01/1964-04/2024","02/02/2020","","","","0","","0","0","0","0","0","","","","2.5","0",""
"Bet Dagan Man 01/1964-04/2024","03/02/2020","","","","0","","0","0","0","0","0","","","","2.0","0",""
"Bet Dagan Man 01/1964-04/2024","04/02/2020","","","","0","","0","0","0","0","0","","","","1.8","0",""
"Bet Dagan Man 01/1964-04/2024","05/02/2020","","","","0","","0","0","0","0","0","","","","2.6","0",""
"Bet Dagan Man 01/1964-04/2024","06/02/2020","","","","0","","0","0","0","0","0","","","","2.9","0",""
"Bet Dagan Man 01/1964-04/2024","07/02/2020","","","","0","","0","0","1","0","0","","","","","",""
"Bet Dagan Man 01/1964-04/2024","08/02/2020","","","","0","","0","0","1","0","0","","","","2.5","0",""
"Bet Dagan Man 01/1964-04/2024","09/02/2020","","","","0","","0","0","0","0","0","","","","","",""
"Bet Dagan Man 01/1964-04/2024","10/02/2020","","","","0","","0","0","0","0","0","","","","","",""
"Bet Dagan Man 01/1964-04/2024","11/02/2020","","","","0","","0","0","0","0","0","","","","2.3","0",""
"Bet Dagan Man 01/1964-04/2024","12/02/2020","","","","0","","0","0","0","0","0","","","","3.9","0",""
"Bet Dagan Man 01/1964-04/2024","13/02/2020","","","","0","","0","0","0","0","0","","","","2.2","0",""
"Bet Dagan Man 01/1964-04/2024","14/02/2020","","","","0","","0","0","0","0","0","","","","3.9","0",""
"Bet Dagan Man 01/1964-04/2024","15/02/2020","","","","0","","0","0","0","0","0","","","","3.0","0",""
"Bet Dagan Man 01/1964-04/2024","16/02/2020","","","","0","","0","0","0","0","0","","","","2.2","0",""
"Bet Dagan Man 01/1964-04/2024","17/02/2020","","","","0","","0","0","0","0","0","","","","2.6","0",""
"Bet Dagan Man 01/1964-04/2024","18/02/2020","","","","0","","0","0","0","0","0","","","","2.6","0",""
"Bet Dagan Man 01/1964-04/2024","19/02/2020","","","","0","","0","0","0","0","0","","","","","",""
"Bet Dagan Man 01/1964-04/2024","20/02/2020","","","","0","","0","0","0","0","0","","","","2.8","0",""
"Bet Dagan Man 01/1964-04/2024","21/02/2020","","","","0","","0","0","0","0","0","","","","3.8","0",""
"Bet Dagan Man 01/1964-04/2024","22/02/2020","","","","0","","0","0","0","0","0","","","","1.5","0",""
"Bet Dagan Man 01/1964-04/2024","23/02/2020","","","","0","","0","0","0","0","0","","","","2.2","0",""
"Bet Dagan Man 01/1964-04/2024","24/02/2020","","","","0","","0","0","0","0","0","","","","1.6","0",""
"Bet Dagan Man 01/1964-04/2024","25/02/2020","","","","0","","0","0","0","0","0","","","","2.7","0",""
"Bet Dagan Man 01/1964-04/2024","26/02/2020","","","","0","","0","0","0","0","0","","","","2.2","0",""
"Bet Dagan Man 01/1964-04/2024","27/02/2020","","","","0","","0","0","0","0","0","","","","3.1","0",""
"Bet Dagan Man 01/1964-04/2024","28/02/2020","","","","0","","0","0","0","0","0","","","","2.8","0",""
"Bet Dagan Man 01/1964-04/2024","29/02/2020","","","","0","","0","0","0","0","0","","","","","",""
"Bet Dagan Man 01/1964-04/2024","01/03/2020","","","","0","","0","0","0","0","0","","","","4.0","0",""
"Bet Dagan Man 01/1964-04/2024","02/03/2020","","","","0","","0","0","0","0","0","","","","2.8","0",""
"Bet Dagan Man 01/1964-04/2024","03/03/2020","","","","0","","0","0","0","0","0","","","","4.4","0",""
"Bet Dagan Man 01/1964-04/2024","04/03/2020","","","","0","","0","0","0","0","0","","","","3.5","0",""
"Bet Dagan Man 01/1964-04/2024","05/03/2020","","","","0","","0","0","0","0","0","","","","4.0","0",""
"Bet Dagan Man 01/1964-04/2024","06/03/2020","","","","0","","0","0","0","0","0","","","","","",""
"Bet Dagan Man 01/1964-04/2024","07/03/2020","","","","0","","0","0","0","0","0","","","","","",""
"Bet Dagan Man 01/1964-04/2024","08/03/2020","","","","0","","0","0","0","0","0","","","","","",""
"Bet Dagan Man 01/1964-04/2024","09/03/2020","","","","0","","0","0","0","0","0","","","","","",""
"Bet Dagan Man 01/1964-04/2024","10/03/2020","","","","0","","0","0","0","0","0","","","","","",""
"Bet Dagan Man 01/1964-04/2024","11/03/2020","","","","0","","0","0","0","0","0","","","","","",""
"Bet Dagan Man 01/1964-04/2024","12/03/2020","","","","0","","0","0","0","0","0","","","","","",""
"Bet Dagan Man 01/1964-04/2024","13/03/2020","","","","0","","0","0","0","0","0","","","","","",""
"Bet Dagan Man 01/1964-04/2024","14/03/2020","","","","0","","0","0","0","0","0","","","","","",""
"Bet Dagan Man 01/1964-04/2024","15/03/2020","","","","0","","0","0","0","0","0","","","","","",""
"Bet Dagan Man 01/1964-04/2024","16/03/2020","","","","0","","0","0","0","0","0","","","","","",""
"Bet Dagan Man 01/1964-04/2024","17/03/2020","","","","0","","0","0","0","0","0","","","","","",""
"Bet Dagan Man 01/1964-04/2024","18/03/2020","","","","0","","0","0","0","0","0","","","","","",""
"Bet Dagan Man 01/1964-04/2024","19/03/2020","","","","0","","0","0","0","0","0","","","","","",""
"Bet Dagan Man 01/1964-04/2024","20/03/2020","","","","0","","0","0","1","0","0","","","","","",""
"Bet Dagan Man 01/1964-04/2024","21/03/2020","","","","0","","0","0","0","0","0","","","","","",""
"Bet Dagan Man 01/1964-04/2024","22/03/2020","","","","0","","0","0","0","0","0","","","","","",""
"Bet Dagan Man 01/1964-04/2024","23/03/2020","","","","0","","0","0","0","0","0","","","","","",""
"Bet Dagan Man 01/1964-04/2024","24/03/2020","","","","0","","0","0","0","0","0","","","","4.0","0",""
"Bet Dagan Man 01/1964-04/2024","25/03/2020","","","","0","","0","0","0","0","0","","","","4.3","0",""
"Bet Dagan Man 01/1964-04/2024","26/03/2020","","","","0","","0","0","0","0","0","","","","3.4","0",""
"Bet Dagan Man 01/1964-04/2024","27/03/2020","","","","0","","0","0","0","0","0","","","","4.2","0",""
"Bet Dagan Man 01/1964-04/2024","28/03/2020","","","","0","","0","0","0","0","0","","","","4.0","0",""
"Bet Dagan Man 01/1964-04/2024","29/03/2020","","","","0","","0","0","0","0","0","","","","5.8","0",""
"Bet Dagan Man 01/1964-04/2024","30/03/2020","","","","0","","0","0","0","0","0","","","","4.7","0",""
"Bet Dagan Man 01/1964-04/2024","31/03/2020","","","","0","","0","0","0","0","0","","","","3.4","0",""
"Bet Dagan Man 01/1964-04/2024","01/04/2020","","","","0","","0","0","0","0","0","","","","3.3","0",""
"Bet Dagan Man 01/1964-04/2024","02/04/2020","","","","0","","0","0","0","0","0","","","","3.4","0",""
"Bet Dagan Man 01/1964-04/2024","03/04/2020","","","","0","","0","0","0","0","0","","","","5.6","0",""
"Bet Dagan Man 01/1964-04/2024","04/04/2020","","","","0","","0","0","0","0","0","","","","7.1","0",""
"Bet Dagan Man 01/1964-04/2024","05/04/2020","","","","0","","0","0","0","0","0","","","","5.0","0",""
"Bet Dagan Man 01/1964-04/2024","06/04/2020","","","","0","","0","0","0","0","0","","","","5.3","0",""
"Bet Dagan Man 01/1964-04/2024","07/04/2020","","","","0","","0","0","0","0","0","","","","3.0","0",""
"Bet Dagan Man 01/1964-04/2024","08/04/2020","","","","0","","0","0","0","0","0","","","","6.0","0",""
"Bet Dagan Man 01/1964-04/2024","09/04/2020","","","","0","","0","0","0","0","0","","","","2.8","0",""
"Bet Dagan Man 01/1964-04/2024","10/04/2020","","","","0","","0","0","0","0","0","","","","","0",""
"Bet Dagan Man 01/1964-04/2024","11/04/2020","","","","0","","0","0","0","0","0","","","","2.3","0",""
"Bet Dagan Man 01/1964-04/2024","12/04/2020","","","","0","","0","0","0","0","0","","","","","",""
"Bet Dagan Man 01/1964-04/2024","13/04/2020","","","","0","","0","0","0","0","0","","","","3.9","0",""
"Bet Dagan Man 01/1964-04/2024","14/04/2020","","","","0","","0","0","0","0","0","","","","5.0","0",""
"Bet Dagan Man 01/1964-04/2024","15/04/2020","","","","0","","0","0","0","0","0","","","","5.4","0",""
"Bet Dagan Man 01/1964-04/2024","16/04/2020","","","","0","","0","0","0","0","0","","","","1.5","0",""
"Bet Dagan Man 01/1964-04/2024","17/04/2020","","","","0","","0","0","0","0","0","","","","4.8","0",""
"Bet Dagan Man 01/1964-04/2024","18/04/2020","","","","0","","0","0","0","0","0","","","","4.5","0",""
"Bet Dagan Man 01/1964-04/2024","19/04/2020","","","","0","","0","0","0","0","0","","","","4.8","0",""
"Bet Dagan Man 01/1964-04/2024","20/04/2020","","","","0","","0","0","0","0","0","","","","6.2","0",""
"Bet Dagan Man 01/1964-04/2024","21/04/2020","","","","0","","0","0","0","0","0","","","","5.2","0",""
"Bet Dagan Man 01/1964-04/2024","22/04/2020","","","","0","","0","0","0","0","0","","","","6.0","0",""
"Bet Dagan Man 01/1964-04/2024","23/04/2020","","","","0","","0","0","0","0","0","","","","5.8","0",""
"Bet Dagan Man 01/1964-04/2024","24/04/2020","","","","0","","0","0","0","0","0","","","","4.6","0",""
"Bet Dagan Man 01/1964-04/2024","25/04/2020","","","","0","","0","0","0","0","0","","","","5.6","0",""
"Bet Dagan Man 01/1964-04/2024","26/04/2020","","","","0","","0","0","0","0","0","","","","6.1","0",""
"Bet Dagan Man 01/1964-04/2024","27/04/2020","","","","0","","0","0","0","0","0","","","","4.4","0",""
"Bet Dagan Man 01/1964-04/2024","28/04/2020","","","","0","","0","0","0","0","0","","","","6.0","0",""
"Bet Dagan Man 01/1964-04/2024","29/04/2020","","","","0","","0","0","0","0","0","","","","5.2","0",""
"Bet Dagan Man 01/1964-04/2024","30/04/2020","","","","0","","0","0","0","0","0","","","","4.3","0",""
"Bet Dagan Man 01/1964-04/2024","01/05/2020","","","","0","","0","0","0","0","0","","","","7.5","0",""
"Bet Dagan Man 01/1964-04/2024","02/05/2020","","","","0","","0","0","0","0","0","","","","5.2","0",""
"Bet Dagan Man 01/1964-04/2024","03/05/2020","","","","0","","0","0","0","0","0","","","","5.5","0",""
"Bet Dagan Man 01/1964-04/2024","04/05/2020","","","","0","","0","0","0","0","0","","","","5.8","0",""
"Bet Dagan Man 01/1964-04/2024","05/05/2020","","","","0","","0","0","0","0","0","","","","4.0","0",""
"Bet Dagan Man 01/1964-04/2024","06/05/2020","","","","0","","0","0","0","0","0","","","","5.4","0",""
"Bet Dagan Man 01/1964-04/2024","07/05/2020","","","","0","","0","0","0","0","0","","","","5.4","0",""
"Bet Dagan Man 01/1964-04/2024","08/05/2020","","","","0","","0","0","0","0","0","","","","7.1","0",""
"Bet Dagan Man 01/1964-04/2024","09/05/2020","","","","0","","0","0","0","0","0","","","","3.4","0",""
"Bet Dagan Man 01/1964-04/2024","10/05/2020","","","","0","","0","0","0","0","0","","","","6.3","0",""
"Bet Dagan Man 01/1964-04/2024","11/05/2020","","","","0","","0","0","0","0","0","","","","5.0","0",""
"Bet Dagan Man 01/1964-04/2024","12/05/2020","","","","0","","0","0","0","0","0","","","","5.8","0",""
"Bet Dagan Man 01/1964-04/2024","13/05/2020","","","","0","","0","0","0","0","0","","","","5.6","0",""
"Bet Dagan Man 01/1964-04/2024","14/05/2020","","","","0","","0","0","0","0","0","","","","7.5","0",""
"Bet Dagan Man 01/1964-04/2024","15/05/2020","","","","0","","0","0","0","0","0","","","","","1",""
"Bet Dagan Man 01/1964-04/2024","16/05/2020","","","","0","","0","0","0","0","0","","","","16.0","2",""
"Bet Dagan Man 01/1964-04/2024","17/05/2020","","","","0","","0","0","0","0","0","","","","12.6","0",""
"Bet Dagan Man 01/1964-04/2024","18/05/2020","","","","0","","0","0","0","0","0","","","","13.9","0",""
"Bet Dagan Man 01/1964-04/2024","19/05/2020","","","","0","","0","0","0","0","0","","","","12.2","0",""
"Bet Dagan Man 01/1964-04/2024","20/05/2020","","","","0","","0","0","0","0","0","","","","12.5","0",""
"Bet Dagan Man 01/1964-04/2024","21/05/2020","","","","0","","0","0","0","0","0","","","","9.9","0",""
"Bet Dagan Man 01/1964-04/2024","22/05/2020","","","","0","","0","0","0","0","0","","","","8.1","0",""
"Bet Dagan Man 01/1964-04/2024","23/05/2020","","","","0","","0","0","0","0","0","","","","7.5","0",""
"Bet Dagan Man 01/1964-04/2024","24/05/2020","","","","0","","0","0","0","0","0","","","","7.9","0",""
"Bet Dagan Man 01/1964-04/2024","25/05/2020","","","","0","","0","0","0","0","0","","","","6.4","0",""
"Bet Dagan Man 01/1964-04/2024","26/05/2020","","","","0","","0","0","0","0","0","","","","6.7","0",""
"Bet Dagan Man 01/1964-04/2024","27/05/2020","","","","0","","0","0","0","0","0","","","","5.9","0",""
"Bet Dagan Man 01/1964-04/2024","28/05/2020","","","","0","","0","0","0","0","0","","","","7.3","0",""
"Bet Dagan Man 01/1964-04/2024","29/05/2020","","","","0","","0","0","0","0","0","","","","8.0","0",""
"Bet Dagan Man 01/1964-04/2024","30/05/2020","","","","0","","0","0","0","0","0","","","","6.2","0",""
"Bet Dagan Man 01/1964-04/2024","31/05/2020","","","","0","","0","0","0","0","0","","","","7.1","0",""
"Bet Dagan Man 01/1964-04/2024","01/06/2020","","","","0","","0","0","0","0","0","","","","6.7","0",""
"Bet Dagan Man 01/1964-04/2024","02/06/2020","","","","0","","0","0","0","0","0","","","","6.7","0",""
"Bet Dagan Man 01/1964-04/2024","03/06/2020","","","","0","","0","0","0","0","0","","","","6.3","0",""
"Bet Dagan Man 01/1964-04/2024","04/06/2020","","","","0","","0","0","0","0","0","","","","7.3","0",""
"Bet Dagan Man 01/1964-04/2024","05/06/2020","","","","0","","0","0","0","0","0","","","","","1",""
"Bet Dagan Man 01/1964-04/2024","06/06/2020","","","","0","","0","0","0","0","0","","","","15.7","2",""
"Bet Dagan Man 01/1964-04/2024","07/06/2020","","","","0","","0","0","0","0","0","","","","6.8","0",""
"Bet Dagan Man 01/1964-04/2024","08/06/2020","","","","0","","0","0","0","0","0","","","","6.7","0",""
"Bet Dagan Man 01/1964-04/2024","09/06/2020","","","","0","","0","0","0","0","0","","","","6.0","0",""
"Bet Dagan Man 01/1964-04/2024","10/06/2020","","","","0","","0","0","0","0","0","","","","6.9","0",""
"Bet Dagan Man 01/1964-04/2024","11/06/2020","","","","0","","0","0","0","0","0","","","","5.9","0",""
"Bet Dagan Man 01/1964-04/2024","12/06/2020","","","","0","","0","0","0","0","0","","","","7.5","0",""
"Bet Dagan Man 01/1964-04/2024","13/06/2020","","","","0","","0","0","0","0","0","","","","8.1","0",""
"Bet Dagan Man 01/1964-04/2024","14/06/2020","","","","0","","0","0","0","0","0","","","","7.7","0",""
"Bet Dagan Man 01/1964-04/2024","15/06/2020","","","","0","","0","0","0","0","0","","","","6.7","0",""
"Bet Dagan Man 01/1964-04/2024","16/06/2020","","","","0","","0","0","0","0","0","","","","6.7","0",""
"Bet Dagan Man 01/1964-04/2024","17/06/2020","","","","0","","0","0","0","0","0","","","","7.6","0",""
"Bet Dagan Man 01/1964-04/2024","18/06/2020","","","","0","","0","0","0","0","0","","","","6.0","0",""
"Bet Dagan Man 01/1964-04/2024","19/06/2020","","","","0","","0","0","0","0","0","","","","7.9","0",""
"Bet Dagan Man 01/1964-04/2024","20/06/2020","","","","0","","0","0","0","0","0","","","","6.1","0",""
"Bet Dagan Man 01/1964-04/2024","21/06/2020","","","","0","","0","0","0","0","0","","","","6.7","0",""
"Bet Dagan Man 01/1964-04/2024","22/06/2020","","","","0","","0","0","0","0","0","","","","7.4","0",""
"Bet Dagan Man 01/1964-04/2024","23/06/2020","","","","0","","0","0","0","0","0","","","","6.9","0",""
"Bet Dagan Man 01/1964-04/2024","24/06/2020","","","","0","","0","0","0","0","0","","","","7.8","0",""
"Bet Dagan Man 01/1964-04/2024","25/06/2020","","","","0","","0","0","0","0","0","","","","6.7","0",""
"Bet Dagan Man 01/1964-04/2024","26/06/2020","","","","0","","0","0","0","0","0","","","","6.9","0",""
"Bet Dagan Man 01/1964-04/2024","27/06/2020","","","","0","","0","0","0","0","0","","","","5.9","0",""
"Bet Dagan Man 01/1964-04/2024","28/06/2020","","","","0","","0","0","0","0","0","","","","5.4","0",""
"Bet Dagan Man 01/1964-04/2024","29/06/2020","","","","0","","0","0","0","0","0","","","","6.8","0",""
"Bet Dagan Man 01/1964-04/2024","30/06/2020","","","","0","","0","0","0","0","0","","","","6.2","0",""
"Bet Dagan Man 01/1964-04/2024","01/07/2020","","","","0","","0","0","0","0","0","","","","7.2","0",""
"Bet Dagan Man 01/1964-04/2024","02/07/2020","","","","0","","0","0","0","0","0","","","","6.9","0",""
"Bet Dagan Man 01/1964-04/2024","03/07/2020","","","","0","","0","0","0","0","0","","","","8.4","0",""
"Bet Dagan Man 01/1964-04/2024","04/07/2020","","","","0","","0","0","0","0","0","","","","6.8","0",""
"Bet Dagan Man 01/1964-04/2024","05/07/2020","","","","0","","0","0","0","0","0","","","","6.3","0",""
"Bet Dagan Man 01/1964-04/2024","06/07/2020","","","","0","","0","0","0","0","0","","","","6.8","0",""
"Bet Dagan Man 01/1964-04/2024","07/07/2020","","","","0","","0","0","0","0","0","","","","6.5","0",""
"Bet Dagan Man 01/1964-04/2024","08/07/2020","","","","0","","0","0","0","0","0","","","","7.9","0",""
"Bet Dagan Man 01/1964-04/2024","09/07/2020","","","","0","","0","0","0","0","0","","","","7.3","0",""
"Bet Dagan Man 01/1964-04/2024","10/07/2020","","","","0","","0","0","0","0","0","","","","6.6","0",""
"Bet Dagan Man 01/1964-04/2024","11/07/2020","","","","0","","0","0","0","0","0","","","","6.1","0",""
"Bet Dagan Man 01/1964-04/2024","12/07/2020","","","","0","","0","0","0","0","0","","","","6.9","0",""
"Bet Dagan Man 01/1964-04/2024","13/07/2020","","","","0","","0","0","0","0","0","","","","6.5","0",""
"Bet Dagan Man 01/1964-04/2024","14/07/2020","","","","0","","0","0","0","0","0","","","","6.5","0",""
"Bet Dagan Man 01/1964-04/2024","15/07/2020","","","","0","","0","0","0","0","0","","","","6.8","0",""
"Bet Dagan Man 01/1964-04/2024","16/07/2020","","","","0","","0","0","0","0","0","","","","7.3","0",""
"Bet Dagan Man 01/1964-04/2024","17/07/2020","","","","0","","0","0","0","0","0","","","","8.7","0",""
"Bet Dagan Man 01/1964-04/2024","18/07/2020","","","","0","","0","0","0","0","0","","","","6.8","0",""
"Bet Dagan Man 01/1964-04/2024","19/07/2020","","","","0","","0","0","0","0","0","","","","7.0","0",""
"Bet Dagan Man 01/1964-04/2024","20/07/2020","","","","0","","0","0","0","0","0","","","","6.6","0",""
"Bet Dagan Man 01/1964-04/2024","21/07/2020","","","","0","","0","0","0","0","0","","","","6.9","0",""
"Bet Dagan Man 01/1964-04/2024","22/07/2020","","","","0","","0","0","0","0","0","","","","7.5","0",""
"Bet Dagan Man 01/1964-04/2024","23/07/2020","","","","0","","0","0","0","0","0","","","","6.7","0",""
"Bet Dagan Man 01/1964-04/2024","24/07/2020","","","","0","","0","0","0","0","0","","","","6.2","0",""
"Bet Dagan Man 01/1964-04/2024","25/07/2020","","","","0","","0","0","0","0","0","","","","7.5","0",""
"Bet Dagan Man 01/1964-04/2024","26/07/2020","","","","0","","0","0","0","0","0","","","","6.8","0",""
"Bet Dagan Man 01/1964-04/2024","27/07/2020","","","","0","","0","0","0","0","0","","","","7.1","0",""
"Bet Dagan Man 01/1964-04/2024","28/07/2020","","","","0","","0","0","0","0","0","","","","6.7","0",""
"Bet Dagan Man 01/1964-04/2024","29/07/2020","","","","0","","0","0","0","0","0","","","","6.9","0",""
"Bet Dagan Man 01/1964-04/2024","30/07/2020","","","","0","","0","0","0","0","0","","","","7.5","0",""
"Bet Dagan Man 01/1964-04/2024","31/07/2020","","","","0","","0","0","0","0","0","","","","7.0","0",""
"Bet Dagan Man 01/1964-04/2024","01/08/2020","","","","0","","0","0","0","0","0","","","","6.2","0",""
"Bet Dagan Man 01/1964-04/2024","02/08/2020","","","","0","","0","0","0","0","0","","","","7.3","0",""
"Bet Dagan Man 01/1964-04/2024","03/08/2020","","","","0","","0","0","0","0","0","","","","8.1","0",""
"Bet Dagan Man 01/1964-04/2024","04/08/2020","","","","0","","0","0","0","0","0","","","","6.7","0",""
"Bet Dagan Man 01/1964-04/2024","05/08/2020","","","","0","","0","0","0","0","0","","","","7.2","0",""
"Bet Dagan Man 01/1964-04/2024","06/08/2020","","","","0","","0","0","0","0","0","","","","6.7","0",""
"Bet Dagan Man 01/1964-04/2024","07/08/2020","","","","0","","0","0","0","0","0","","","","8.3","0",""
"Bet Dagan Man 01/1964-04/2024","08/08/2020","","","","0","","0","0","0","0","0","","","","7.3","0",""
"Bet Dagan Man 01/1964-04/2024","09/08/2020","","","","0","","0","0","0","0","0","","","","7.4","0",""
"Bet Dagan Man 01/1964-04/2024","10/08/2020","","","","0","","0","0","0","0","0","","","","6.9","0",""
"Bet Dagan Man 01/1964-04/2024","11/08/2020","","","","0","","0","0","0","0","0","","","","6.8","0",""
"Bet Dagan Man 01/1964-04/2024","12/08/2020","","","","0","","0","0","0","0","0","","","","6.3","0",""
"Bet Dagan Man 01/1964-04/2024","13/08/2020","","","","0","","0","0","0","0","0","","","","6.0","0",""
"Bet Dagan Man 01/1964-04/2024","14/08/2020","","","","0","","0","0","0","0","0","","","","7.4","0",""
"Bet Dagan Man 01/1964-04/2024","15/08/2020","","","","0","","0","0","0","0","0","","","","6.4","0",""
"Bet Dagan Man 01/1964-04/2024","16/08/2020","","","","0","","0","0","0","0","0","","","","7.4","0",""
"Bet Dagan Man 01/1964-04/2024","17/08/2020","","","","0","","0","0","0","0","0","","","","6.7","0",""
"Bet Dagan Man 01/1964-04/2024","18/08/2020","","","","0","","0","0","0","0","0","","","","5.6","0",""
"Bet Dagan Man 01/1964-04/2024","19/08/2020","","","","0","","0","0","0","0","0","","","","7.6","0",""
"Bet Dagan Man 01/1964-04/2024","20/08/2020","","","","0","","0","0","0","0","0","","","","8.0","0",""
"Bet Dagan Man 01/1964-04/2024","21/08/2020","","","","0","","0","0","0","0","0","","","","6.1","0",""
"Bet Dagan Man 01/1964-04/2024","22/08/2020","","","","0","","0","0","0","0","0","","","","7.0","0",""
"Bet Dagan Man 01/1964-04/2024","23/08/2020","","","","0","","0","0","0","0","0","","","","6.0","0",""
"Bet Dagan Man 01/1964-04/2024","24/08/2020","","","","0","","0","0","0","0","0","","","","8.6","0",""
"Bet Dagan Man 01/1964-04/2024","25/08/2020","","","","0","","0","0","0","0","0","","","","6.8","0",""
"Bet Dagan Man 01/1964-04/2024","26/08/2020","","","","0","","0","0","0","0","0","","","","6.8","0",""
"Bet Dagan Man 01/1964-04/2024","27/08/2020","","","","0","","0","0","0","0","0","","","","7.4","0",""
"Bet Dagan Man 01/1964-04/2024","28/08/2020","","","","0","","0","0","0","0","0","","","","6.4","0",""
"Bet Dagan Man 01/1964-04/2024","29/08/2020","","","","0","","0","0","0","0","0","","","","6.1","0",""
"Bet Dagan Man 01/1964-04/2024","30/08/2020","","","","0","","0","0","0","0","0","","","","5.9","0",""
"Bet Dagan Man 01/1964-04/2024","31/08/2020","","","","0","","0","0","0","0","0","","","","7.4","0",""
"Bet Dagan Man 01/1964-04/2024","01/09/2020","","","","0","","0","0","0","0","0","","","","6.3","0",""
"Bet Dagan Man 01/1964-04/2024","02/09/2020","","","","0","","0","0","0","0","0","","","","7.3","0",""
"Bet Dagan Man 01/1964-04/2024","03/09/2020","","","","0","","0","0","0","0","0","","","","5.2","0",""
"Bet Dagan Man 01/1964-04/2024","04/09/2020","","","","0","","0","0","0","0","0","","","","7.7","0",""
"Bet Dagan Man 01/1964-04/2024","05/09/2020","","","","0","","0","0","0","0","0","","","","6.8","0",""
"Bet Dagan Man 01/1964-04/2024","06/09/2020","","","","0","","0","0","0","0","0","","","","7.1","0",""
"Bet Dagan Man 01/1964-04/2024","07/09/2020","","","","0","","0","0","0","0","0","","","","7.8","0",""
"Bet Dagan Man 01/1964-04/2024","08/09/2020","","","","0","","0","0","0","0","0","","","","5.2","0",""
"Bet Dagan Man 01/1964-04/2024","09/09/2020","","","","0","","0","0","0","0","0","","","","6.7","0",""
"Bet Dagan Man 01/1964-04/2024","10/09/2020","","","","0","","0","0","0","0","0","","","","5.6","0",""
"Bet Dagan Man 01/1964-04/2024","11/09/2020","","","","0","","0","0","0","0","0","","","","6.7","0",""
"Bet Dagan Man 01/1964-04/2024","12/09/2020","","","","0","","0","0","0","0","0","","","","6.9","0",""
"Bet Dagan Man 01/1964-04/2024","13/09/2020","","","","0","","0","0","0","0","0","","","","6.3","0",""
"Bet Dagan Man 01/1964-04/2024","14/09/2020","","","","0","","0","0","0","0","0","","","","7.3","0",""
"Bet Dagan Man 01/1964-04/2024","15/09/2020","","","","0","","0","0","0","0","0","","","","6.4","0",""
"Bet Dagan Man 01/1964-04/2024","16/09/2020","","","","0","","0","0","0","0","0","","","","5.9","0",""
"Bet Dagan Man 01/1964-04/2024","17/09/2020","","","","0","","0","0","0","0","0","","","","5.3","0",""
"Bet Dagan Man 01/1964-04/2024","18/09/2020","","","","0","","0","0","0","0","0","","","","5.1","0",""
"Bet Dagan Man 01/1964-04/2024","19/09/2020","","","","0","","0","0","0","0","0","","","","6.2","0",""
"Bet Dagan Man 01/1964-04/2024","20/09/2020","","","","0","","0","0","0","0","0","","","","7.0","0",""
"Bet Dagan Man 01/1964-04/2024","21/09/2020","","","","0","","0","0","0","0","0","","","","6.4","0",""
"Bet Dagan Man 01/1964-04/2024","22/09/2020","","","","0","","0","0","0","0","0","","","","5.5","0",""
"Bet Dagan Man 01/1964-04/2024","23/09/2020","","","","0","","0","0","0","0","0","","","","6.4","0",""
"Bet Dagan Man 01/1964-04/2024","24/09/2020","","","","0","","0","0","0","0","0","","","","5.7","0",""
"Bet Dagan Man 01/1964-04/2024","25/09/2020","","","","0","","0","0","0","0","0","","","","5.6","0",""
"Bet Dagan Man 01/1964-04/2024","26/09/2020","","","","0","","0","0","0","0","0","","","","5.7","0",""
"Bet Dagan Man 01/1964-04/2024","27/09/2020","","","","0","","0","0","0","0","0","","","","","1",""
"Bet Dagan Man 01/1964-04/2024","28/09/2020","","","","0","","0","0","0","0","0","","","","11.4","2",""
"Bet Dagan Man 01/1964-04/2024","29/09/2020","","","","0","","0","0","0","0","0","","","","4.9","0",""
"Bet Dagan Man 01/1964-04/2024","30/09/2020","","","","0","","0","0","0","0","0","","","","5.0","0",""
"Bet Dagan Man 01/1964-04/2024","01/10/2020","","","","0","","0","0","0","0","0","","","","6.1","0",""
"Bet Dagan Man 01/1964-04/2024","02/10/2020","","","","0","","0","0","0","0","0","","","","5.5","0",""
"Bet Dagan Man 01/1964-04/2024","03/10/2020","","","","0","","0","0","0","0","0","","","","6.7","0",""
"Bet Dagan Man 01/1964-04/2024","04/10/2020","","","","0","","0","0","0","0","0","","","","4.5","0",""
"Bet Dagan Man 01/1964-04/2024","05/10/2020","","","","0","","0","0","0","0","0","","","","6.2","0",""
"Bet Dagan Man 01/1964-04/2024","06/10/2020","","","","0","","0","0","0","0","0","","","","5.5","0",""
"Bet Dagan Man 01/1964-04/2024","07/10/2020","","","","0","","0","0","0","0","0","","","","4.9","0",""
"Bet Dagan Man 01/1964-04/2024","08/10/2020","","","","0","","0","0","0","0","0","","","","5.3","0",""
"Bet Dagan Man 01/1964-04/2024","09/10/2020","","","","0","","0","0","0","0","0","","","","4.7","0",""
"Bet Dagan Man 01/1964-04/2024","10/10/2020","","","","0","","0","0","0","0","0","","","","4.7","0",""
"Bet Dagan Man 01/1964-04/2024","11/10/2020","","","","0","","0","0","0","0","0","","","","5.5","0",""
"Bet Dagan Man 01/1964-04/2024","12/10/2020","","","","0","","0","0","0","0","0","","","","5.1","0",""
"Bet Dagan Man 01/1964-04/2024","13/10/2020","","","","0","","0","0","0","0","0","","","","5.1","0",""
"Bet Dagan Man 01/1964-04/2024","14/10/2020","","","","0","","0","0","0","0","0","","","","4.5","0",""
"Bet Dagan Man 01/1964-04/2024","15/10/2020","","","","0","","0","0","0","0","0","","","","4.8","0",""
"Bet Dagan Man 01/1964-04/2024","16/10/2020","","","","0","","0","0","0","0","0","","","","5.4","0",""
"Bet Dagan Man 01/1964-04/2024","17/10/2020","","","","0","","0","0","0","0","0","","","","4.7","0",""
"Bet Dagan Man 01/1964-04/2024","18/10/2020","","","","0","","0","0","0","0","0","","","","4.1","0",""
"Bet Dagan Man 01/1964-04/2024","19/10/2020","","","","0","","0","0","0","0","0","","","","5.1","0",""
"Bet Dagan Man 01/1964-04/2024","20/10/2020","","","","0","","0","0","0","0","0","","","","4.4","0",""
"Bet Dagan Man 01/1964-04/2024","21/10/2020","","","","0","","0","0","0","0","0","","","","5.4","0",""
"Bet Dagan Man 01/1964-04/2024","22/10/2020","","","","0","","0","0","0","0","0","","","","4.8","0",""
"Bet Dagan Man 01/1964-04/2024","23/10/2020","","","","0","","0","0","0","0","0","","","","4.0","0",""
"Bet Dagan Man 01/1964-04/2024","24/10/2020","","","","0","","0","0","0","0","0","","","","7.1","0",""
"Bet Dagan Man 01/1964-04/2024","25/10/2020","","","","0","","0","0","0","0","0","","","","5.2","0",""
"Bet Dagan Man 01/1964-04/2024","26/10/2020","","","","0","","0","0","0","0","0","","","","3.5","0",""
"Bet Dagan Man 01/1964-04/2024","27/10/2020","","","","0","","0","0","0","0","0","","","","3.1","0",""
"Bet Dagan Man 01/1964-04/2024","28/10/2020","","","","0","","0","0","0","0","0","","","","4.1","0",""
"Bet Dagan Man 01/1964-04/2024","29/10/2020","","","","0","","0","0","0","0","0","","","","3.8","0",""
"Bet Dagan Man 01/1964-04/2024","30/10/2020","","","","0","","0","0","0","0","0","","","","3.8","0",""
"Bet Dagan Man 01/1964-04/2024","31/10/2020","","","","0","","0","0","0","0","0","","","","4.2","0",""
"Bet Dagan Man 01/1964-04/2024","01/11/2020","","","","0","","0","0","0","1","0","","","","4.0","0",""
"Bet Dagan Man 01/1964-04/2024","02/11/2020","","","","0","","0","0","1","1","0","","","","3.6","0",""
"Bet Dagan Man 01/1964-04/2024","03/11/2020","","","","0","","0","0","0","0","0","","","","3.2","0",""
"Bet Dagan Man 01/1964-04/2024","04/11/2020","","","","0","","0","0","1","0","0","","","","","",""
"Bet Dagan Man 01/1964-04/2024","05/11/2020","","","","0","","0","0","0","0","0","","","","","",""
"Bet Dagan Man 01/1964-04/2024","06/11/2020","","","","0","","0","0","0","0","0","","","","4.1","0",""
"Bet Dagan Man 01/1964-04/2024","07/11/2020","","","","0","","0","0","0","0","0","","","","3.1","0",""
"Bet Dagan Man 01/1964-04/2024","08/11/2020","","","","0","","0","0","0","0","0","","","","2.7","0",""
"Bet Dagan Man 01/1964-04/2024","09/11/2020","","","","0","","0","0","0","0","0","","","","2.7","0",""
"Bet Dagan Man 01/1964-04/2024","10/11/2020","","","","0","","0","0","1","0","0","","","","3.4","0",""
"Bet Dagan Man 01/1964-04/2024","11/11/2020","","","","0","","0","0","0","0","0","","","","2.2","0",""
"Bet Dagan Man 01/1964-04/2024","12/11/2020","","","","0","","0","0","0","0","0","","","","4.8","0",""
"Bet Dagan Man 01/1964-04/2024","13/11/2020","","","","0","","0","0","0","0","0","","","","4.4","0",""
"Bet Dagan Man 01/1964-04/2024","14/11/2020","","","","0","","0","0","0","0","0","","","","","",""
"Bet Dagan Man 01/1964-04/2024","15/11/2020","","","","0","","0","0","1","1","0","","","","2.5","0",""
"Bet Dagan Man 01/1964-04/2024","16/11/2020","","","","0","","0","0","0","0","0","","","","2.4","0",""
"Bet Dagan Man 01/1964-04/2024","17/11/2020","","","","0","","0","0","0","0","0","","","","3.0","0",""
"Bet Dagan Man 01/1964-04/2024","18/11/2020","","","","0","","0","0","0","0","0","","","","4.3","0",""
"Bet Dagan Man 01/1964-04/2024","19/11/2020","","","","0","","0","0","0","0","0","","","","2.1","0",""
"Bet Dagan Man 01/1964-04/2024","20/11/2020","","","","1","","0","0","1","0","0","","","","","",""
"Bet Dagan Man 01/1964-04/2024","21/11/2020","","","","1","","0","0","1","0","0","","","","","",""
"Bet Dagan Man 01/1964-04/2024","22/11/2020","","","","0","","0","0","0","0","0","","","","3.2","0",""
"Bet Dagan Man 01/1964-04/2024","23/11/2020","","","","0","","0","0","0","0","0","","","","2.8","0",""
"Bet Dagan Man 01/1964-04/2024","24/11/2020","","","","0","","0","0","0","0","0","","","","1.5","0",""
"Bet Dagan Man 01/1964-04/2024","25/11/2020","","","","0","","0","0","1","0","0","","","","","",""
"Bet Dagan Man 01/1964-04/2024","26/11/2020","","","","0","","0","0","1","0","0","","","","","",""
"Bet Dagan Man 01/1964-04/2024","27/11/2020","","","","0","","0","0","0","0","0","","","","1.7","0",""
"Bet Dagan Man 01/1964-04/2024","28/11/2020","","","","0","","0","0","1","0","0","","","","1.7","0",""
"Bet Dagan Man 01/1964-04/2024","29/11/2020","","","","0","","0","0","0","0","0","","","","2.1","0",""
"Bet Dagan Man 01/1964-04/2024","30/11/2020","","","","0","","0","0","0","0","0","","","","1.7","0",""
"Bet Dagan Man 01/1964-04/2024","01/12/2020","","","","0","","0","0","0","0","0","","","","2.2","0",""
"Bet Dagan Man 01/1964-04/2024","02/12/2020","","","","0","","0","0","0","0","0","","","","1.0","0",""
"Bet Dagan Man 01/1964-04/2024","03/12/2020","","","","0","","0","0","0","0","0","","","","3.2","0",""
"Bet Dagan Man 01/1964-04/2024","04/12/2020","","","","0","","0","0","0","0","0","","","","","",""
"Bet Dagan Man 01/1964-04/2024","05/12/2020","","","","0","","0","0","1","0","0","","","","1.5","0",""
"Bet Dagan Man 01/1964-04/2024","06/12/2020","","","","0","","0","0","1","0","0","","","","1.6","0",""
"Bet Dagan Man 01/1964-04/2024","07/12/2020","","","","0","","0","0","0","0","0","","","","1.8","0",""
"Bet Dagan Man 01/1964-04/2024","08/12/2020","","","","0","","0","0","0","0","0","","","","0.7","0",""
"Bet Dagan Man 01/1964-04/2024","09/12/2020","","","","0","","0","0","0","0","0","","","","3.5","0",""
"Bet Dagan Man 01/1964-04/2024","10/12/2020","","","","0","","0","0","0","0","0","","","","2.4","0",""
"Bet Dagan Man 01/1964-04/2024","11/12/2020","","","","0","","0","0","0","0","0","","","","2.1","0",""
"Bet Dagan Man 01/1964-04/2024","12/12/2020","","","","0","","0","0","0","0","0","","","","0.6","0",""
"Bet Dagan Man 01/1964-04/2024","13/12/2020","","","","0","","0","0","0","0","0","","","","3.3","0",""
"Bet Dagan Man 01/1964-04/2024","14/12/2020","","","","0","","0","0","0","0","0","","","","","",""
"Bet Dagan Man 01/1964-04/2024","15/12/2020","","","","0","","0","0","1","0","0","","","","","",""
"Bet Dagan Man 01/1964-04/2024","16/12/2020","","","","0","","0","0","1","0","0","","","","","",""
"Bet Dagan Man 01/1964-04/2024","17/12/2020","","","","0","","0","0","0","0","0","","","","","",""
"Bet Dagan Man 01/1964-04/2024","18/12/2020","","","","0","","0","0","0","0","0","","","","3.1","0",""
"Bet Dagan Man 01/1964-04/2024","19/12/2020","","","","0","","0","0","0","0","0","","","","1.8","0",""
"Bet Dagan Man 01/1964-04/2024","20/12/2020","","","","0","","0","0","0","0","0","","","","1.7","0",""
"Bet Dagan Man 01/1964-04/2024","21/12/2020","","","","0","","0","0","0","0","0","","","","1.4","0",""
"Bet Dagan Man 01/1964-04/2024","22/12/2020","","","","0","","0","0","0","0","0","","","","1.4","0",""
"Bet Dagan Man 01/1964-04/2024","23/12/2020","","","","0","","0","0","0","0","0","","","","2.0","0",""
"Bet Dagan Man 01/1964-04/2024","24/12/2020","","","","0","","0","0","0","0","0","","","","0.9","0",""
"Bet Dagan Man 01/1964-04/2024","25/12/2020","","","","0","","0","0","0","0","0","","","","1.8","0",""
"Bet Dagan Man 01/1964-04/2024","26/12/2020","","","","0","","0","0","0","0","0","","","","4.8","0",""
"Bet Dagan Man 01/1964-04/2024","27/12/2020","","","","0","","0","0","0","0","0","","","","3.1","0",""
"Bet Dagan Man 01/1964-04/2024","28/12/2020","","","","0","","0","0","0","0","0","","","","3.0","0",""
"Bet Dagan Man 01/1964-04/2024","29/12/2020","","","","0","","0","0","0","0","0","","","","1.8","0",""
"Bet Dagan Man 01/1964-04/2024","30/12/2020","","","","0","","0","0","0","0","0","","","","2.4","0",""
"Bet Dagan Man 01/1964-04/2024","31/12/2020","","","","0","","0","0","0","0","0","","","","1.7","0",""
"Bet Dagan Man 01/1964-04/2024","01/01/2021","","","","0","","0","0","0","0","0","","","","1.5","0",""